Designator,Mid X,Mid Y,Layer,Rotation
C1,29.0000mm,5.5000mm,Top,0.0
C2,33.0000mm,3.0000mm,Top,0.0
D1,2.6000mm,-7.2000mm,Top,0.0
D2,2.6000mm,9.8000mm,Top,0.0
D3,2.6000mm,26.8000mm,Top,0.0
D4,19.6000mm,6.4000mm,Top,0.0
D5,19.6000mm,23.4000mm,Top,0.0
D6,19.6000mm,40.4000mm,Top,0.0
D7,36.6000mm,13.2000mm,Top,0.0
D8,36.6000mm,30.2000mm,Top,0.0
D9,36.6000mm,47.2000mm,Top,0.0
D10,53.6000mm,4.7000mm,Top,0.0
D11,53.6000mm,21.7000mm,Top,0.0
D12,53.6000mm,38.7000mm,Top,0.0
D13,70.6000mm,1.3000mm,Top,0.0
D14,70.6000mm,18.3000mm,Top,0.0
D15,70.6000mm,35.3000mm,Top,0.0
D16,45.5000mm,-1.3000mm,Top,0.0
D17,66.4186mm,-3.9355mm,Top,-15.0
D18,88.0623mm,-11.2691mm,Top,-35.0
D19,29.0000mm,9.0000mm,Top,0.0
L1,0.0000mm,2.5000mm,Top,0.0
L2,0.0000mm,19.5000mm,Top,0.0
L3,0.0000mm,36.5000mm,Top,0.0
L4,17.0000mm,16.1000mm,Top,0.0
L5,17.0000mm,33.1000mm,Top,0.0
L6,17.0000mm,50.1000mm,Top,0.0
L7,34.0000mm,22.9000mm,Top,0.0
L8,34.0000mm,39.9000mm,Top,0.0
L9,34.0000mm,56.9000mm,Top,0.0
L10,51.0000mm,14.4000mm,Top,0.0
L11,51.0000mm,31.4000mm,Top,0.0
L12,51.0000mm,48.4000mm,Top,0.0
L13,68.0000mm,11.0000mm,Top,0.0
L14,68.0000mm,28.0000mm,Top,0.0
L15,68.0000mm,45.0000mm,Top,0.0
L16,44.2000mm,-6.0000mm,Top,0.0
L17,63.9464mm,-8.1389mm,Top,-15.0
L18,84.3016mm,-14.3735mm,Top,-35.0
Q1,39.0000mm,7.0000mm,Top,90.0
R1,-2.6000mm,-7.2000mm,Top,0.0
R2,-2.6000mm,9.8000mm,Top,0.0
R3,-2.6000mm,26.8000mm,Top,0.0
R4,14.4000mm,6.4000mm,Top,0.0
R5,14.4000mm,23.4000mm,Top,0.0
R6,14.4000mm,40.4000mm,Top,0.0
R7,31.4000mm,13.2000mm,Top,0.0
R8,31.4000mm,30.2000mm,Top,0.0
R9,31.4000mm,47.2000mm,Top,0.0
R10,48.4000mm,4.7000mm,Top,0.0
R11,48.4000mm,21.7000mm,Top,0.0
R12,48.4000mm,38.7000mm,Top,0.0
R13,65.4000mm,1.3000mm,Top,0.0
R14,65.4000mm,18.3000mm,Top,0.0
R15,65.4000mm,35.3000mm,Top,0.0
R16,40.3000mm,-1.3000mm,Top,0.0
R17,61.3958mm,-2.5896mm,Top,-15.0
R18,83.8027mm,-8.2865mm,Top,-35.0
R19,39.0000mm,2.5000mm,Top,90.0
T1,17.0000mm,59.9000mm,Top,0.0
